{
	"partitions" : [
		{
			"name" : "Top",
			"pins" : [
				{
					"name" : "BB_SYSTEM_display_OutBUS[0]",
					"strict" : false
				},
				{
					"name" : "BB_SYSTEM_display_OutBUS[1]",
					"strict" : false
				},
				{
					"name" : "BB_SYSTEM_display_OutBUS[2]",
					"strict" : false
				},
				{
					"name" : "BB_SYSTEM_display_OutBUS[3]",
					"strict" : false
				},
				{
					"name" : "BB_SYSTEM_display_OutBUS[4]",
					"strict" : false
				},
				{
					"name" : "BB_SYSTEM_display_OutBUS[5]",
					"strict" : false
				},
				{
					"name" : "BB_SYSTEM_display_OutBUS[6]",
					"strict" : false
				},
				{
					"name" : "BB_SYSTEM_display_OutBUS[8]",
					"strict" : false
				},
				{
					"name" : "BB_SYSTEM_display_OutBUS[9]",
					"strict" : false
				},
				{
					"name" : "BB_SYSTEM_display_OutBUS[10]",
					"strict" : false
				},
				{
					"name" : "BB_SYSTEM_display_OutBUS[11]",
					"strict" : false
				},
				{
					"name" : "BB_SYSTEM_max7219DIN_Out",
					"strict" : false
				},
				{
					"name" : "BB_SYSTEM_max7219NCS_Out",
					"strict" : false
				},
				{
					"name" : "BB_SYSTEM_max7219CLK_Out",
					"strict" : false
				},
				{
					"name" : "BB_SYSTEM_startButton_Out",
					"strict" : false
				},
				{
					"name" : "BB_SYSTEM_upButton_Out",
					"strict" : false
				},
				{
					"name" : "BB_SYSTEM_downButton_Out",
					"strict" : false
				},
				{
					"name" : "BB_SYSTEM_leftButton_Out",
					"strict" : false
				},
				{
					"name" : "BB_SYSTEM_rightButton_Out",
					"strict" : false
				},
				{
					"name" : "BB_SYSTEM_TEST0",
					"strict" : false
				},
				{
					"name" : "BB_SYSTEM_TEST1",
					"strict" : false
				},
				{
					"name" : "BB_SYSTEM_TEST2",
					"strict" : false
				},
				{
					"name" : "BB_SYSTEM_CLOCK_50",
					"strict" : false
				},
				{
					"name" : "BB_SYSTEM_RESET_InHigh",
					"strict" : false
				},
				{
					"name" : "BB_SYSTEM_startButton_InLow",
					"strict" : false
				},
				{
					"name" : "BB_SYSTEM_upButton_InLow",
					"strict" : false
				},
				{
					"name" : "BB_SYSTEM_downButton_InLow",
					"strict" : false
				},
				{
					"name" : "BB_SYSTEM_leftButton_InLow",
					"strict" : false
				},
				{
					"name" : "BB_SYSTEM_rightButton_InLow",
					"strict" : false
				}
			]
		}
	]
}